date,FTP_S01_L2_001,FTP_S01_L2_002,FTP_S02_L2_001,FTP_S02_L2_002,FTP_S04_L2_001,FTP_S04_L2_002,FTP_S05_L2_001,FTP_S06_L2_001,FTP_S06_L2_002,FTP_S07_L2_001,FTP_S07_L2_002,FTP_S08_L2_001,FTP_S08_L2_002,FTP_S09_L2_001,FTP_S09_L2_002,FTP_S10_L2_001
2016-06-18,23.876896,20.892296,23.436392,24.107307,22.367647,22.371861,22.051617,22.199261,23.505738,22.501108,25.071193,22.811856,22.339929,26.422351000000006,23.200658,8.723169
2016-06-19,23.975561,20.892296,23.63843,24.307367000000006,22.367647,22.769583,22.051617,23.314293,24.2,23.109246,25.672901,21.907422,22.24064,26.422351000000006,22.491467,8.013144
2016-06-20,24.37022,21.190758,23.941487,24.407398,22.570069,22.769583,22.348275,22.401994,22.712295,22.703821,25.372047,23.515306,23.332814000000006,27.329989,24.011161,10.954678
2016-06-21,24.271555,21.389732,24.244544,24.607458,22.772491,22.769583,22.348275,22.199261,23.803279,24.021453,25.271762,23.716291,23.233526,27.430838,24.112474,10.954678
2016-06-22,24.37022,21.389732,24.244544,24.907549,22.873702,23.167305,22.447161,23.922492,24.10082,23.311959,25.873471,23.31432,23.729969,27.128292,22.998032,11.360406
2016-06-23,24.56755,21.489219,24.446581,25.007579,22.974913,23.067875,22.644934,23.618392,23.109016,23.920097,26.27461,23.213827,23.531392,26.624049,23.30197,9.433195
2016-06-24,24.76488,21.688193,24.5476,24.707488,22.873702,23.067875,22.546048000000006,23.314293,24.497541,24.325522,25.873471,23.414813,22.339929,27.027443,23.504596,10.650381
2016-06-25,24.56755,21.588706,24.244544,24.407398,22.974913,22.968444,22.74382,23.922492,24.001639,24.122809,26.27461,23.615799,23.134237,26.825746,24.112474,8.926034
2016-06-26,24.468885,21.688193,24.143525,24.307367000000006,23.177335,23.067875,22.842706,24.226591,24.29918,23.109246,26.074041,22.912349,24.226412,26.422351000000006,23.504596,11.360406
2016-06-27,24.172891,21.588706,24.143525,24.107307,23.177335,22.769583,22.644934,23.415659,24.001639,24.122809,25.472332,23.113335,23.233526,26.5232,23.909848,9.737491
2016-06-28,23.975561,21.787681,23.941487,23.807216,23.177335,22.869014,22.74382,22.503361,23.803279,23.920097,25.672901,22.610871,22.439217000000006,26.926595,24.416413,11.461839
2016-06-29,24.271555,21.688193,23.739449,24.007276,22.873702,23.167305,22.74382,23.719759,24.497541,23.413315,25.271762,23.012842000000006,22.637794,26.624049,24.011161,9.027466
2016-06-30,24.37022,21.887168,23.941487,24.307367000000006,23.076124,23.067875,22.644934,23.618392,24.596721,24.325522,25.572617,23.414813,23.034949,27.329989,23.200658,11.766135
2016-07-01,24.271555,21.688193,24.244544,24.307367000000006,23.177335,23.167305,22.74382,23.212926,23.604918,23.717384,25.973756,23.515306,23.034949,26.724897,24.517725,10.954678
2016-07-02,24.172891,21.787681,24.143525,24.007276,23.379758,23.266736,22.74382,23.821125,24.795082,24.426878,26.074041,23.716291,23.134237,26.724897,23.605909,11.157542
2016-07-03,24.172891,21.787681,24.042506,24.007276,23.177335,22.968444,22.842706,23.517026,23.803279,23.514671,25.773186,22.2089,23.829257,26.724897,24.213787,10.447517
2016-07-04,24.271555,21.887168,24.042506,23.907246,23.177335,23.167305,22.74382,23.314293,24.695902,22.906533,26.174325,22.912349,22.836372,26.220654,23.504596,11.360406
2016-07-05,23.778231,21.588706,24.143525,23.907246,23.177335,22.869014,22.842706,24.327958,24.001639,23.413315,26.27461,22.711364,22.737083,25.615562,23.504596,8.418873
2016-07-06,23.975561,21.688193,23.941487,24.107307,23.379758,23.067875,22.644934,23.821125,23.803279,24.224166,25.873471,23.31432,22.93566,27.027443,23.909848,11.258974
2016-07-07,23.975561,21.986655,23.941487,24.307367000000006,23.379758,23.067875,22.842706,24.023858,23.803279,24.325522,25.773186,23.515306,23.531392,26.5232,24.011161,8.926034
2016-07-08,24.271555,21.688193,24.244544,24.607458,23.278547,23.067875,22.842706,23.821125,23.406557,24.021453,26.47518,23.615799,23.928546,26.321503000000003,24.619038,9.940356
2016-07-09,24.468885,21.787681,24.143525,24.707488,23.278547,22.968444,23.040478,23.415659,24.993443,23.413315,25.672901,24.419741,22.93566,27.834233,24.112474,9.838923
2016-07-10,24.76488,22.086142,24.5476,25.007579,23.480969,23.167305,22.941592,23.922492,24.001639,23.81874,26.27461,22.811856,23.928546,27.935081,25.226916,8.824601
2016-07-11,24.863545,21.986655,24.648619,25.007579,23.480969,23.366166,23.040478,23.517026,23.604918,23.717384,25.873471,24.319248,24.3257,27.935081,24.213787,9.331762
2016-07-12,24.863545,22.185629,24.749638,25.10761,23.683391,23.465597,22.941592,24.125225,24.795082,23.81874,26.876319,24.419741,23.829257,27.430838,24.3151,9.940356
2016-07-13,25.159539,22.185629,24.850657,25.607761,23.480969,23.763888,23.040478,23.618392,24.10082,24.021453,26.575464,24.520233,24.921432,28.03593,24.011161,9.940356
2016-07-14,25.159539,22.285116,25.254733,25.807822,23.683391,23.763888,23.238251,24.023858,25.092623,23.616028,26.47518,23.816784,24.027834,28.439325,25.125603,11.563271
2016-07-15,25.258204,22.384603,25.355752,25.707792,23.784602,23.863319,23.238251,24.327958,24.2,23.81874,26.876319,23.816784,25.02072,28.03593,24.3151,9.940356
2016-07-16,25.356869,22.583578,25.355752,25.407701,23.784602,23.465597,23.436023,24.125225,24.398361,24.224166,25.973756,24.620726,24.027834,27.430838,26.240045,10.447517
2016-07-17,25.159539,22.384603,25.254733,25.507731,23.683391,23.664458,23.436023,24.125225,24.993443,24.629591,26.675749,24.620726,25.219297,27.935081,24.3151,11.664703
2016-07-18,25.554199,22.48409,25.254733,25.707792,23.885813,23.863319,23.534909,24.327958,25.191803,24.629591,27.277458000000006,25.625654,25.02072,28.237627000000003,25.125603,12.273296
2016-07-19,25.652863,22.583578,25.254733,25.807822,23.885813,23.863319,23.436023,23.922492,24.795082,24.325522,27.377743,25.625654,25.517163,28.237627000000003,24.720351,12.577592999999998
2016-07-20,25.554199,22.583578,25.456771,26.107913,23.885813,23.962749,23.633795000000006,23.922492,24.695902,24.528235,27.879166,24.520233,25.417874,28.338476,25.429542,12.983322
2016-07-21,26.146188,22.583578,25.860846,26.708095,24.088235,23.962749,23.534909,25.442989,25.390164,24.730947,27.177173,25.12319,25.219297,29.750357,25.936106,10.14322
2016-07-22,26.146188,22.683065,26.163903,26.808125,24.088235,24.16161,23.930454,25.037523,25.191803,25.136373000000006,27.578312,25.424668,25.02072,28.943568,25.429542,13.693347
2016-07-23,26.639512,22.882039,26.365941,27.208246000000006,24.088235,24.360471,23.831568,25.341623,25.191803,24.93366,27.678597,25.223683,26.013606,30.153752,25.632167000000006,10.346084
2016-07-24,26.738177,22.981526,26.365941,27.308277,24.290657,24.658763,23.831568,24.936157,25.786885,25.440442,27.277458000000006,26.027625,25.517163,29.952055,26.037419,14.200508
2016-07-25,26.935507,23.1805,26.770017,27.508337,24.391868,24.857624,24.128226,25.544356,25.985246,25.237729,27.979451,25.625654,25.815029,29.851206,26.949235,13.287618
2016-07-26,27.330166,23.1805,26.972055,27.808428000000006,24.493079,24.957054,24.227112,26.355287,25.687705,26.454005,28.480875,26.530089,26.311472,31.263087,26.138732,12.476161
2016-07-27,27.428831,23.279987,27.275111,27.908459000000004,24.695502,25.056485,24.128226,26.253921,25.390164,26.04858,28.681445,26.22861,26.907203000000006,31.565633,26.645297,11.258974
2016-07-28,27.823490000000003,23.578449,27.477149,28.30858,24.695502,25.155915,24.424885,26.051188,26.977049,26.859431,29.182868,25.927132,26.510049,31.263087,28.772868,12.577592999999998
2016-07-29,27.922155,23.578449,27.679187,28.40861,24.897924,25.553637,24.523771,25.341623,26.481148,25.643155,27.778882,26.22861,26.907203000000006,31.061390000000006,28.367616,13.693347
2016-07-30,28.21815,23.87691,27.679187,28.608671,25.100346,25.653068,24.721543,25.341623,25.588525,26.352649,28.480875,26.630581,27.006492,30.557147,27.861052,15.113398000000002
2016-07-31,28.119485,23.976397,27.982244,28.708701,25.100346,25.653068,24.919316,26.051188,25.290984,26.352649,29.383438,27.535016,27.006492,31.363936,27.4558,11.766135
2016-08-01,28.21815,23.976397,28.083263,28.708701,25.201557,25.752498000000006,24.82043,26.051188,27.770492,26.960787,28.982299,27.535016,26.41076,31.263087,27.4558,13.794779
2016-08-02,28.415479,24.473833,28.285301,28.608671,25.302768,26.05079,25.018202,26.963486,25.985246,26.859431,29.784577,27.434523,26.807914,31.464785,27.557113,12.171864
2016-08-03,27.922155,24.175372,28.083263,28.30858,25.50519,26.05079,25.018202,26.456654,26.381967,27.264856,29.884862,27.635509000000006,27.602223,31.666482,28.468929,14.30194
2016-08-04,27.922155,24.274859,27.881225,28.20855,25.50519,26.05079,25.117088,27.368952,26.481148,25.845867,30.286001,26.831567,26.807914,30.859693,27.253174,14.30194
2016-08-09,28.02082,24.672807,27.881225,28.30858,25.707612,26.05079,25.117088,26.659387,26.977049,26.960787,29.584008,27.233538,27.502934000000003,30.758844,27.658426,14.809101
2016-08-10,28.21815,24.672807,27.780206,28.30858,25.707612,26.15022,25.413747,26.558020000000006,26.679508,26.758074,30.185716,27.836494,26.510049,31.565633,28.063677,15.011966
2016-08-11,28.316815,24.772294,27.982244,28.40861,25.707612,26.249651,25.31486,27.166219,26.877869,27.062143,29.283153,26.429596000000004,26.708626,30.960541,27.658426,13.896211
2016-08-12,28.514144,24.772294,27.982244,28.508641,25.707612,26.249651,25.512633,26.051188,27.274590000000003,26.758074,29.483723,27.334031,27.602223,30.758844,27.861052,14.403372
2016-08-13,28.612809,24.871782,28.184282,28.808731,25.910034,26.448512,25.31486,26.659387,26.381967,27.062143,29.784577,27.736002000000006,27.205069,31.464785,28.975494,12.070432
2016-08-14,28.612809,24.871782,28.38632,28.808731,25.910034,26.349081,25.413747,26.456654,26.580328,27.670281,30.787425,28.539944,27.10578,31.464785,28.570242,15.721991
2016-08-15,28.810139000000003,24.871782,28.38632,29.008792,25.808823,26.448512,25.611519,26.659387,27.17541,27.1635,29.483723,27.535016,27.502934000000003,32.674969,27.759739,13.794779
2016-08-16,28.908804,25.070756,28.588358000000003,29.108822,25.910034,26.547942,25.710405,26.86212,27.274590000000003,27.97435,29.483723,27.434523,27.900089,32.069877000000005,28.570242,12.780457
2016-08-17,28.810139000000003,25.170243,28.38632,29.108822,26.112457,26.647373,25.710405,26.659387,27.17541,27.97435,29.884862,28.338958,27.701512,31.363936,28.266303000000004,15.316262
2016-08-18,29.007469,25.170243,28.689377,29.208853,26.112457,26.647373,25.710405,27.064853000000006,27.572131,27.366212,30.286001,28.740929,27.602223,32.372423,28.671555,12.881889
2016-08-19,29.007469,25.170243,28.588358000000003,29.208853,26.314879,26.746803000000003,25.710405,27.368952,26.977049,26.656718,30.48657,27.836494,27.403646,31.868179,28.874181,14.30194
2016-08-20,29.204798,25.170243,28.891414,29.408913,26.314879,26.846234000000006,25.908177,27.064853000000006,27.671311,27.264856,30.586855,28.941915,28.297243,32.876666,29.583371000000003,15.113398000000002
2016-08-21,28.908804,25.26973,28.891414,29.208853,26.314879,26.846234000000006,26.007064,26.253921,27.572131,27.97435,29.884862,27.736002000000006,27.999377000000006,31.666482,29.076807,14.606237
2016-08-22,29.007469,25.26973,28.689377,29.008792,26.416090000000004,26.945664,25.908177,28.281251,26.778689,27.670281,28.781729,27.836494,27.900089,32.170725,29.279432,15.721991
2016-08-23,29.007469,25.568191,28.891414,29.108822,26.416090000000004,26.945664,26.007064,27.368952,27.274590000000003,27.872994,28.982299,28.137973,27.701512,32.069877000000005,27.962365,14.504805
2016-08-24,29.007469,25.568191,28.689377,29.008792,26.416090000000004,26.846234000000006,26.10595,26.760753,27.472951,27.670281,28.982299,27.836494,27.502934000000003,31.666482,28.164990000000003,13.896211
2016-08-25,29.106133000000003,25.468704,28.487339,28.908762,26.416090000000004,26.945664,26.10595,27.267586,27.572131,27.366212,27.678597,28.238465,27.602223,31.767331,29.482058,15.417694
2016-08-26,29.007469,25.568191,28.588358000000003,28.608671,26.618512,26.945664,26.204836,26.760753,27.274590000000003,27.568925,29.283153,29.042408,27.602223,31.263087,29.076807,15.316262
2016-08-27,28.908804,25.568191,28.487339,28.40861,26.517301,26.647373,26.204836,27.064853000000006,27.17541,27.872994,30.085431,28.03748,27.006492,31.565633,29.279432,14.504805
2016-08-28,28.908804,25.568191,28.083263,28.20855,26.618512,26.746803000000003,26.204836,27.064853000000006,26.977049,27.568925,28.882014,27.535016,27.900089,31.162239000000003,29.076807,13.997644
2016-08-29,28.415479,25.468704,27.881225,28.108519,26.618512,26.746803000000003,26.007064,26.558020000000006,26.481148,26.859431,28.38059,27.233538,27.10578,31.868179,28.164990000000003,15.113398000000002
2016-08-30,28.316815,25.26973,27.881225,27.808428000000006,26.314879,26.647373,26.10595,26.558020000000006,27.07623,27.062143,30.185716,28.238465,27.205069,30.657995,28.975494,15.316262
2016-08-31,28.415479,25.369217000000006,27.780206,27.708398,26.618512,26.647373,26.204836,26.659387,27.07623,27.264856,28.38059,28.439451,26.708626,30.254601,28.570242,14.30194
2016-09-01,28.415479,25.369217000000006,27.679187,27.708398,26.416090000000004,26.448512,26.007064,27.267586,27.671311,27.1635,29.584008,28.03748,27.602223,31.162239000000003,27.253174,14.200508
2016-09-02,28.316815,25.26973,27.679187,27.608368,26.416090000000004,26.547942,26.007064,26.152554,27.274590000000003,28.278419,29.584008,28.238465,27.10578,31.666482,28.772868,15.316262
2016-09-03,28.514144,25.26973,27.679187,27.808428000000006,26.416090000000004,26.547942,25.908177,26.152554,27.373771,27.467569,30.286001,28.03748,26.807914,31.464785,27.962365,14.200508
2016-09-04,28.514144,25.26973,27.780206,27.908459000000004,26.416090000000004,26.647373,26.007064,26.86212,27.274590000000003,27.97435,29.283153,28.740929,27.900089,30.758844,28.266303000000004,13.38905
2016-09-05,28.514144,25.468704,27.679187,27.808428000000006,26.213668,26.448512,25.908177,27.267586,27.572131,28.075707,29.483723,27.635509000000006,28.197954,30.960541,27.861052,13.186186
2016-09-06,28.316815,25.26973,27.780206,27.608368,26.517301,26.547942,25.908177,26.253921,26.580328,27.97435,29.182868,28.137973,26.907203000000006,31.363936,28.975494,12.780457
2016-09-07,28.119485,25.26973,27.37613,27.508337,26.517301,26.547942,26.007064,27.368952,27.671311,26.859431,28.079736,28.539944,27.304357,30.456298,29.380745,15.417694
2016-09-08,28.02082,25.26973,27.477149,27.508337,26.618512,26.547942,25.908177,27.673052,27.17541,27.771638,29.182868,27.535016,27.701512,31.162239000000003,28.266303000000004,15.417694
2016-09-09,28.21815,25.369217000000006,27.477149,27.408307,26.416090000000004,26.349081,26.007064,26.253921,27.869672,26.656718,29.082584000000004,27.736002000000006,26.311472,30.859693,27.354487,14.504805
2016-09-10,28.415479,25.070756,27.477149,27.508337,26.416090000000004,26.349081,25.908177,26.355287,27.373771,27.366212,29.082584000000004,27.233538,27.403646,30.960541,28.671555,13.591915
2016-09-11,28.415479,25.26973,27.37613,27.508337,26.517301,26.547942,26.007064,25.848455,27.968852,27.1635,29.684292,27.334031,26.807914,31.162239000000003,28.164990000000003,15.924855
2016-09-12,28.119485,25.170243,27.37613,27.508337,26.416090000000004,26.349081,25.908177,26.558020000000006,27.373771,27.264856,28.882014,27.836494,27.502934000000003,30.254601,28.367616,15.620559
2016-09-13,28.21815,24.971269,27.275111,27.408307,26.416090000000004,26.15022,26.007064,26.253921,26.977049,27.771638,28.58116,27.334031,26.708626,30.758844,27.658426,15.21483
2016-09-14,28.316815,25.170243,27.37613,27.308277,26.314879,26.249651,26.007064,26.659387,27.274590000000003,27.264856,28.480875,27.836494,26.907203000000006,30.557147,29.076807,12.273296
2016-09-15,28.02082,25.26973,27.37613,27.208246000000006,26.314879,26.249651,25.908177,27.166219,27.274590000000003,27.264856,28.982299,27.133045000000006,26.708626,30.456298,28.975494,14.30194
2016-09-16,27.724825,25.170243,26.972055,26.908155,26.416090000000004,26.249651,25.908177,26.86212,27.274590000000003,28.075707,28.982299,26.93206,27.304357,29.851206,27.861052,13.287618
2016-09-17,27.527496000000006,25.070756,26.871036,26.908155,26.314879,26.15022,25.908177,26.86212,26.977049,26.758074,27.277458000000006,26.329103000000003,27.006492,30.456298,28.367616,14.910533
2016-09-18,27.428831,24.971269,26.668998,26.708095,26.213668,25.951359,25.809291,27.470319,27.07623,26.454005,28.781729,27.032552000000006,26.311472,30.254601,28.063677,13.38905
2016-09-19,27.428831,24.871782,26.668998,26.608065000000003,26.314879,25.851929,25.809291,26.86212,26.679508,26.149936,29.182868,26.22861,26.013606,29.750357,28.266303000000004,13.38905
2016-09-20,27.132836,24.871782,26.46696,26.307974,26.314879,25.851929,25.809291,26.456654,27.274590000000003,26.960787,28.38059,26.027625,25.517163,29.145265,27.4558,14.403372
2016-09-21,27.132836,24.772294,26.365941,26.207943,26.112457,25.553637,25.512633,26.456654,26.481148,26.758074,27.879166,26.22861,26.311472,28.338476,28.063677,12.679025
2016-09-22,27.034171,24.772294,26.163903,26.007883,26.213668,25.553637,25.512633,25.544356,27.373771,27.062143,27.879166,26.530089,25.815029,28.741871000000003,27.253174,11.867567
2016-09-23,26.836842,24.57332,26.264922,26.107913,25.808823,25.454207,25.512633,26.659387,26.679508,27.568925,28.58116,25.625654,26.510049,29.246114,27.658426,12.070432
2016-09-24,26.935507,24.473833,26.365941,26.207943,25.808823,25.454207,25.413747,25.848455,26.282787,27.062143,27.578312,26.429596000000004,25.914317,29.346963,27.4558,11.766135
2016-09-25,27.034171,24.772294,26.365941,26.408004,26.011246,25.553637,25.413747,26.659387,26.183607,26.555362,27.879166,26.128118,26.013606,30.052903000000004,27.759739,10.954678
2016-09-26,27.132836,24.57332,26.365941,26.408004,25.910034,25.553637,25.512633,26.456654,27.274590000000003,26.859431,27.578312,26.831567,26.112894,28.943568,27.050548,12.273296
2016-09-27,27.231501,24.672807,26.365941,26.708095,25.910034,25.653068,25.512633,26.253921,26.877869,26.859431,28.079736,26.530089,26.708626,29.447811,26.74661,13.896211
2016-09-28,27.231501,24.772294,26.668998,26.307974,25.910034,25.553637,25.413747,26.456654,26.481148,26.352649,29.483723,25.927132,25.517163,29.851206,27.557113,13.693347
2016-09-29,26.738177,24.672807,26.264922,26.107913,26.112457,25.454207,25.512633,25.240256,26.381967,26.149936,27.277458000000006,25.424668,25.71574,29.346963,26.847922,11.969
2016-09-30,26.540847,24.57332,25.961865,25.607761,26.112457,25.056485,25.512633,25.037523,25.886066,27.366212,26.976603000000004,25.927132,24.921432,27.733384,27.151861,11.360406
2016-10-01,26.146188,24.374346,25.759828,25.407701,25.808823,24.957054,25.117088,25.645722,26.381967,25.947224,28.280306,25.12319,25.616452,27.935081,26.645297,14.200508
2016-10-02,25.948858,24.274859,25.55779,25.507731,25.606401,24.857624,25.117088,24.632057,26.282787,25.947224,27.778882,25.324175,24.226412,28.237627000000003,26.240045,13.186186
2016-10-03,25.948858,24.175372,25.456771,25.407701,25.808823,24.857624,25.117088,26.659387,25.588525,25.541798,28.38059,24.922204,25.417874,28.741871000000003,26.341358000000003,10.751813
2016-10-04,26.047523,23.976397,25.456771,25.10761,25.606401,24.658763,25.117088,25.645722,25.489344,25.643155,28.480875,25.12319,26.212183,28.136779,26.138732,13.794779
2016-10-05,25.652863,23.976397,25.456771,25.20764,25.403979,24.658763,25.018202,24.83479,26.679508,25.744511,28.180021000000004,24.922204,24.822143,28.136779,25.73348,12.780457
2016-10-06,25.652863,23.976397,25.355752,25.10761,25.403979,24.559332,24.82043,24.327958,25.588525,25.035016,28.079736,25.826639,24.921432,28.03593,26.240045,12.476161
2016-10-07,25.652863,23.976397,25.254733,24.907549,25.606401,24.758193,24.721543,24.733424,25.390164,26.454005,29.082584000000004,24.821712,24.424989,28.439325,26.442671,11.867567
2016-10-08,25.554199,23.777423,25.052695,24.607458,25.403979,24.459902,24.82043,24.327958,26.282787,25.845867,27.578312,24.218755,23.332814000000006,28.03593,25.328229,10.447517
2016-10-09,25.356869,23.976397,24.850657,24.507428,25.403979,24.261041,24.721543,24.530691,24.894262,26.149936,28.280306,23.917277,23.829257,27.430838,25.429542,10.346084
2016-10-10,25.356869,23.578449,24.749638,24.307367000000006,25.302768,24.06218,24.721543,24.632057,25.092623,25.339085,26.876319,23.515306,24.722854,27.128292,25.936106,12.171864
2016-10-11,25.060874,23.478962,24.648619,24.107307,25.201557,24.16161,24.523771,24.530691,25.290984,25.237729,27.076888,23.615799,24.524277,27.430838,26.341358000000003,11.461839
2016-10-12,25.060874,23.478962,24.143525,23.807216,25.201557,23.962749,24.325999,23.719759,25.191803,25.035016,27.578312,23.414813,23.432103,27.027443,25.328229,12.881889
2016-10-13,24.962209,23.279987,24.143525,23.707185,25.201557,23.863319,24.227112,24.023858,24.695902,24.426878,27.578312,24.218755,25.02072,27.128292,25.429542,12.679025
2016-10-14,24.76488,23.1805,24.042506,23.707185,24.796713,23.565027,24.227112,24.125225,25.191803,25.845867,26.074041,24.922204,24.3257,26.624049,24.821664,9.027466
2016-10-15,24.863545,23.279987,24.244544,23.507125,24.695502,23.465597,24.227112,24.632057,24.695902,23.920097,27.177173,24.218755,24.226412,26.220654,25.429542,9.027466
2016-10-16,24.666215,22.882039,24.042506,23.607155,24.796713,23.366166,24.128226,24.429324,25.588525,24.325522,27.076888,23.414813,23.531392,26.119805,24.517725,9.23033
2016-10-17,24.468885,22.882039,23.941487,23.607155,24.695502,23.266736,23.930454,22.908827,25.985246,25.035016,26.675749,23.716291,23.332814000000006,26.624049,24.720351,9.838923
2016-10-18,24.468885,22.782552,23.941487,23.707185,24.493079,23.366166,23.930454,24.327958,25.390164,24.730947,26.374895,24.01777,23.829257,27.229141,24.619038,11.258974
2016-10-22,24.56755,22.782552,23.840468,23.807216,24.493079,23.167305,23.831568,24.125225,24.695902,24.528235,26.976603000000004,24.721219,23.531392,26.422351000000006,24.112474,10.447517
2016-10-23,24.468885,22.882039,23.840468,23.307064,24.493079,23.366166,24.02934,24.429324,24.894262,24.426878,26.27461,24.319248,23.63068,26.220654,23.707222,9.331762
2016-10-24,24.074226,22.583578,23.63843,23.207034,24.290657,23.167305,23.732682,23.415659,24.398361,24.021453,25.973756,23.113335,23.729969,26.825746,25.02429,10.041788
2016-10-25,23.975561,22.583578,23.436392,23.006973,24.290657,22.968444,23.732682,22.706094,24.993443,23.514671,25.171478,23.917277,24.226412,25.413865,23.909848,11.461839
2016-10-26,23.975561,22.583578,23.436392,23.006973,24.290657,22.670153,23.732682,22.604727,24.795082,23.717384,26.174325,22.610871,23.432103,25.514713,24.517725,8.520305
2016-10-27,23.482237,22.583578,23.133335,22.806912,24.088235,22.471292,23.534909,22.300628,24.398361,23.311959,25.372047,23.615799,22.637794,24.909621,24.112474,9.027466
2016-10-28,23.284907,22.384603,23.032316,22.606852,23.987024,22.471292,23.337137,23.010193,24.894262,24.325522,26.27461,23.816784,22.439217000000006,25.111319,23.30197,11.157542
2016-10-29,23.284907,22.285116,23.032316,22.206731,23.987024,22.07357,23.337137,22.401994,24.001639,23.920097,26.074041,22.007914000000003,22.93566,24.203681,22.795406,8.926034
2016-10-30,22.890247,22.185629,22.426203,21.806609,23.885813,21.775278,23.238251,23.010193,23.803279,24.122809,25.672901,21.605943,22.439217000000006,23.094345,23.403283,10.548949
2016-10-31,22.988912,21.887168,22.325184,21.706579,23.683391,21.874709,23.040478,22.706094,25.390164,23.00789,25.372047,21.706436,21.644909,24.607075,22.390154000000006,10.954678
2016-11-01,22.791582,21.887168,22.123146,21.306458,23.58218,21.178695,22.941592,22.401994,23.704098,22.906533,24.770339,22.309393,22.737083,23.598589,22.086215,9.737491
2016-11-02,22.495588,21.588706,21.820089000000007,21.206427,23.278547,21.278126,22.74382,21.996528,24.10082,23.109246,24.670054,20.40003,21.247754,23.094345,22.694093,7.911712
2016-11-03,22.396923,21.290245,21.618051,21.206427,23.177335,21.079265,22.546048000000006,21.996528,23.704098,22.095683,24.16863,20.802001,21.644909,23.094345,22.694093,7.505983
2016-11-04,22.396923,21.190758,21.71907,21.306458,22.974913,21.079265,22.249389,22.401994,23.803279,22.703821,24.569769,21.203972,21.843486,23.800286,22.896719,6.694525
2016-11-05,22.692918,21.290245,21.517032,21.306458,22.873702,21.079265,22.447161,21.185596,23.505738,22.298395000000006,24.16863,20.802001,22.538506,22.892648,23.30197,8.723169
2016-11-06,22.791582,21.091271,21.416013,21.306458,22.873702,21.278126,22.249389,20.881497,24.398361,22.602464,24.268915,21.002987,21.644909,23.800286,22.795406,7.303117999999999
2016-11-07,22.791582,20.991784,21.71907,21.506518,22.974913,21.178695,22.150503,22.097895,24.001639,22.805177,25.071193,21.10348,21.644909,23.396891,23.403283,8.621737
2016-11-08,22.495588,21.091271,21.820089000000007,21.306458,23.076124,21.178695,22.150503,22.401994,22.910656,22.703821,24.469484,20.802001,21.049177,22.791799,22.998032,8.926034
2016-11-09,22.298258,20.892296,21.314995,20.906336,22.772491,20.880404,22.150503,21.692429,22.910656,22.197039,24.469484,20.299537,20.751312,22.993497,22.390154000000006,8.621737
2016-11-10,22.199593,20.892296,21.314995,20.806306,22.570069,20.482682,22.051617,21.286963,23.109016,22.298395000000006,24.16863,20.199045,21.347043,21.98501,22.491467,6.9988220000000005
2016-11-11,22.002264,20.792809,20.910919,20.606245,22.67128,20.482682,21.754958,21.489696,22.613115,21.588901,24.16863,20.902494,22.439217000000006,22.186707,21.88359,6.89739
2016-11-12,22.199593,20.494348,21.112957,20.806306,22.367647,20.383252,21.754958,21.692429,22.910656,21.183475,22.864928,19.29461,21.148466,22.590102,22.187528,8.418873
2016-11-13,22.199593,20.394861,21.213976,20.906336,22.367647,20.482682,21.754958,22.097895,23.406557,21.588901,23.266067,20.500523,20.8506,22.993497,21.88359,9.23033
2016-11-14,22.396923,20.494348,21.011938,21.106397,22.165225,20.482682,21.754958,20.577398,23.803279,21.89297,23.767491,21.203972,20.354157,23.094345,21.275712,5.883068
2016-11-15,22.495588,20.593835,21.213976,20.906336,22.367647,20.582113,21.95273,20.78013,22.414754,22.298395000000006,24.268915,21.404958,20.254869,23.094345,21.782277,7.100254
2016-11-16,22.199593,20.494348,21.213976,21.106397,22.367647,20.780974,21.656072,22.199261,22.414754,22.095683,23.366352,19.797074,20.552734,23.296043,22.694093,7.505983
2016-11-17,22.100928,20.593835,21.314995,21.106397,22.367647,20.582113,21.95273,20.982863,22.018033,22.095683,23.165782,20.601016,21.247754,22.085859,21.478338,5.781635
2016-11-18,22.199593,20.693322,21.213976,21.106397,22.468858,20.681543,21.656072,21.286963,23.406557,21.588901,23.366352,20.601016,21.247754,22.489253,22.086215,8.621737
2016-11-19,22.298258,20.593835,21.213976,21.006367,22.367647,20.780974,21.95273,21.08423,22.811475,21.791614000000006,24.369199,20.199045,21.744197,22.690951,20.667835,6.89739
2016-11-20,22.298258,20.693322,21.517032,21.306458,22.367647,20.681543,21.754958,21.388329,23.902459,21.284832,23.667206,21.404958,22.141352,23.094345,21.478338,8.520305
2016-11-21,22.199593,20.693322,21.314995,20.906336,22.367647,20.780974,21.853844,20.78013,22.414754,21.082119,23.96806,20.902494,20.8506,22.690951,22.491467,6.9988220000000005
2016-11-22,21.903599,20.693322,21.112957,20.606245,22.367647,20.283821,21.656072,21.286963,22.117213,22.399752,22.363504,20.098552,20.552734,21.379918,21.377025,7.911712
2016-11-23,21.212945,20.494348,20.607862,19.806003,22.165225,19.786669,21.557186,20.78013,22.811475,21.791614000000006,22.864928,20.40003,20.453446,19.66549,22.288841,5.680203
2016-11-24,20.226296,20.195887,20.203786,19.205821,21.861592,19.289516,21.359413,19.867832,22.018033,20.980763,21.260372,19.596088,18.964117,19.161247,20.363896,4.564449
2016-11-25,20.127631,19.996912,19.597673,18.8057,21.76038,18.991225,20.963869,19.0569,21.819672,21.183475,20.859232,18.18919,18.864829,19.867188,19.249454,5.9845
2016-11-26,19.930302,19.698451,19.294616,18.705669,21.254325,18.394642,20.766096,19.158267,22.513934,20.169912,20.959517,18.088697,19.063406,19.867188,19.45208,4.15872
2016-11-27,20.127631,19.39999,19.294616,18.8057,20.950692,18.593503,20.568324,18.651434,20.827869,19.66313,20.959517,18.390175,19.261983,18.858701,18.844202,3.651559
2016-11-28,20.127631,19.39999,19.092578,18.705669,20.849481,18.195781,20.172779,18.651434,21.720492,20.575337,21.661511,18.289682,18.964117,19.362944,19.553393,6.390229
2016-11-29,20.127631,19.201015,19.092578,18.605639,20.647059,18.295211,20.172779,19.563733,21.522131,20.271268,21.561226,18.390175,17.871942999999995,19.867188,18.438951,4.868746
2016-11-30,19.930302,19.201015,19.092578,18.8057,20.849481,18.295211,20.172779,18.347335,21.22459,19.054992,21.962365,18.088697,18.666252,19.463793,20.059957,5.07161
2016-12-01,20.226296,19.101528,19.193597,18.8057,20.849481,18.295211,19.876121,18.245968,21.12541,20.372625,21.86208,18.993132,18.269097,18.95955,20.16127,3.854424
2016-12-02,20.226296,18.902554,19.092578,18.90573,20.647059,18.295211,20.073893,19.462366,21.422951,20.169912,21.160087,17.586233,19.361272,19.362944,19.553393,5.578771
2016-12-03,20.522291,19.101528,18.991559,18.90573,20.647059,18.394642,19.975007,19.158267,21.621311,19.967199,20.859232,17.988204,18.467674,19.66549,19.857331,3.550127
2016-12-04,20.522291,19.201015,19.193597,19.00576,20.545848,18.494072,20.073893,19.766466,21.522131,20.169912,20.959517,18.390175,18.76554,19.463793,19.654706,4.463017
2016-12-05,20.324961,19.002041,19.193597,19.00576,20.545848,18.692933,20.073893,19.259633,21.02623,20.271268,21.160087,19.395103,18.964117,20.169734,18.945515,4.665881
2016-12-06,20.620956,19.002041,19.395635,19.105791,20.647059,18.494072,20.172779,20.577398,20.827869,19.156349,21.260372,17.686726,18.269097,20.270582,20.262583,6.593093
2016-12-07,20.423626,19.002041,19.294616,19.105791,20.545848,18.494072,19.975007,19.259633,20.232787,20.068556,20.959517,17.787218,18.269097,19.867188,19.249454,6.390229
2016-12-08,20.423626,19.002041,19.395635,19.205821,20.545848,18.494072,19.876121,18.955534,21.522131,19.764487,21.86208,18.993132,19.063406,20.270582,20.465209,6.89739
2016-12-09,20.324961,18.902554,19.193597,19.00576,20.647059,18.394642,20.073893,18.752801,21.621311,19.66313,20.357809,17.988204,18.666252,19.66549,20.059957,5.274474
2016-12-10,20.423626,19.002041,19.294616,18.90573,20.444637,18.394642,19.975007,19.766466,20.133607,20.473981,20.959517,17.586233,19.063406,20.169734,19.756018,5.375907
2016-12-11,20.324961,18.902554,18.991559,18.90573,20.444637,18.394642,20.073893,19.969199,21.720492,20.068556,20.558378,18.390175,19.261983,18.657004,18.844202,5.07161
2016-12-12,20.324961,19.002041,19.294616,19.105791,20.545848,18.295211,19.975007,20.476031,21.422951,20.575337,21.360656,18.289682,17.673366,19.968036,18.945515,5.9845
2016-12-13,20.226296,18.902554,19.294616,19.00576,20.444637,18.394642,19.876121,20.577398,20.728689000000006,19.359061,20.758948,18.18919,19.063406,18.858701,19.046828,3.651559
2016-12-14,20.127631,18.902554,19.092578,18.605639,20.444637,18.195781,19.975007,19.158267,21.32377,19.460418,20.859232,17.686726,17.871942999999995,18.051912,18.844202,6.593093
2016-12-15,19.732972,18.803067,18.688502,18.405578,20.242214,17.996920000000006,19.678349,18.752801,20.034426,19.054992,20.558378,18.490668,18.169809,18.15276,18.135012,6.187364
2016-12-16,19.634307,18.70358,18.688502,18.205518,20.242214,17.698628,19.777235,18.043235,20.133607,19.054992,19.7561,17.083769,18.76554,19.362944,18.540263,5.477339
2016-12-17,19.338312,18.504605,18.385446,17.905427,20.039792,17.599198,19.480576,18.347335,21.522131,19.561774,20.959517,17.887711,18.566963,18.858701,17.628447,4.868746
2016-12-18,19.732972,18.504605,18.284427,18.005457,19.736159,17.400337,19.38169,18.448701,21.12541,18.548211,20.859232,17.48574,17.474789,18.354458,18.742889,5.883068
2016-12-19,19.831637,18.405118,18.486464,18.105488,19.83737,17.599198,19.480576,18.651434,20.827869,19.054992,19.7561,17.385247,17.574077,19.362944,18.844202,6.593093
2016-12-20,19.831637,18.405118,18.486464,18.205518,19.83737,17.499767000000002,19.282804,17.637769,20.629508,19.764487,19.7561,17.586233,18.566963,19.362944,18.844202,4.665881
2016-12-21,19.634307,18.305631,18.486464,18.205518,19.736159,17.599198,19.480576,18.854167,19.439344,19.156349,19.655815,18.18919,18.169809,18.757852,18.641576,4.15872
2016-12-22,19.535642000000006,18.504605,18.587483,18.205518,19.533737,17.599198,19.480576,17.941869,20.530328,19.460418,19.856385,17.385247,18.07052,18.556155,18.742889,3.854424
2016-12-23,19.338312,18.106657,18.385446,18.005457,19.736159,17.599198,19.282804,18.550068,20.728689000000006,18.85228,19.455246,17.586233,18.07052,18.657004,18.438951,5.07161
2016-12-24,19.239648000000006,18.405118,18.385446,17.905427,19.736159,17.300906,19.085031,18.245968,19.836066,18.649567,20.056954,17.586233,17.276212,18.858701,18.033699,5.274474
2016-12-25,19.239648000000006,18.206144,18.284427,18.005457,19.533737,17.400337,19.085031,18.347335,20.827869,19.054992,20.257524,16.983276,18.566963,17.648517000000005,17.628447,2.637237
2016-12-26,19.140983,18.106657,18.385446,17.905427,19.533737,17.300906,19.183918,18.144602,20.133607,18.345498000000006,19.254676,17.083769,16.779769,16.942576000000006,17.72976,5.781635
2016-12-27,18.943653,18.206144,17.981370000000005,17.405275,19.533737,17.002615,19.085031,17.637769,19.439344,18.446854,19.856385,16.782291,17.574077,17.850214,18.641576,2.028644
2016-12-28,18.746323,17.907683,17.678313,17.205215,19.331315,16.604893,18.887259,16.826837,20.232787,18.345498000000006,19.455246,17.083769,17.673366,16.942576000000006,17.527134,4.767313
2016-12-29,18.548994,17.808196,17.678313,16.905124,19.128893,16.704323000000002,18.788373,16.421371,21.12541,18.345498000000006,19.254676,16.983276,17.574077,16.841728,17.425821,4.260152
2016-12-30,18.351664000000003,17.808196,17.476275,16.805093,18.92647,16.604893,18.788373,18.043235,19.340164,18.345498000000006,18.652967,16.681798,17.276212,17.345971,17.324507999999998,2.637237
2016-12-31,18.450329,17.609220999999994,17.173218,16.805093,18.92647,16.406032,18.590601,17.02957,19.836066,18.142785,19.254676,16.581305,16.68048,16.135787,16.919257,2.941534
2017-01-01,18.647658,17.410247000000002,17.072198999999998,16.705063,18.724048,16.406032,18.392828,17.739136,19.538525,17.838716,18.953822,16.782291,17.176923000000002,17.245122,18.236325,4.057288
2017-01-02,18.647658,17.410247000000002,17.274237,17.205215,18.724048,16.505461999999998,18.392828,16.421371,20.133607,18.345498000000006,19.254676,16.279826999999994,17.276212,17.850214,17.831073,2.738669
2017-01-03,18.943653,17.410247000000002,17.577294000000002,17.305245000000006,18.92647,16.604893,18.392828,17.536403,19.538525,17.433291,18.452398,16.38032,16.879057,17.043425,16.817944,3.651559
2017-01-04,18.943653,17.410247000000002,17.375256,17.305245000000006,18.724048,16.604893,18.392828,17.941869,19.538525,17.636003,19.455246,15.576378,17.673366,17.345971,17.628447,3.651559
2017-01-05,18.844988,17.609220999999994,17.779332,17.505306,18.92647,16.803754,18.392828,17.33367,19.141803,18.649567,19.254676,16.480813,17.077634,17.144274,18.135012,4.564449
2017-01-06,18.548994,17.509733999999998,17.678313,17.305245000000006,19.027682,16.903184,18.590601,16.725471,19.736885,17.838716,19.856385,16.882784,16.879057,17.547667999999998,17.932385999999994,4.15872
2017-01-07,18.647658,17.509733999999998,17.678313,17.305245000000006,18.825259,16.704323000000002,18.491714,17.840501999999994,19.637705,18.548211,18.652967,16.480813,16.779769,18.354458,17.121883,3.144398
2017-01-08,18.548994,17.509733999999998,17.577294000000002,17.205215,18.825259,16.604893,18.392828,16.928204,19.439344,18.548211,19.254676,15.676870999999998,16.779769,16.942576000000006,17.932385999999994,1.724347
2017-01-09,18.351664000000003,17.310760000000002,17.476275,17.105184,18.825259,16.604893,18.491714,17.130937,19.637705,17.534647,17.750404999999994,15.576378,16.283326000000002,17.345971,17.121883,5.375907
2017-01-10,18.450329,17.410247000000002,17.476275,16.905124,18.825259,16.306601,18.392828,16.725471,19.736885,17.129222,18.953822,15.174407,15.687594,17.043425,17.223195999999998,3.448695
2017-01-11,18.154334,17.410247000000002,17.173218,16.605033,18.622837,16.306601,18.293942,16.928204,19.340164,17.230578,18.251828,15.777363,16.084749,16.236635999999994,17.223195999999998,1.82578
2017-01-12,18.252999,17.111786,17.173218,16.705063,18.319204,16.207171,18.09617,17.739136,18.844262,16.62244,19.354961,15.174407,16.481903,18.051912,18.033699,4.868746
2017-01-13,18.252999,17.111786,17.173218,16.705063,18.521626,16.207171,17.997284,16.826837,19.141803,18.142785,18.552683,15.676870999999998,14.992574,17.850214,17.425821,4.15872
2017-01-14,18.154334,17.211273000000002,17.173218,16.605033,18.420415,16.10774,17.997284,17.435036,18.943443,17.433291,18.352113,15.576378,15.786883,17.648517000000005,17.223195999999998,1.622915
2017-01-15,18.055669,17.111786,16.97118,16.505001999999998,18.420415,16.207171,17.997284,16.928204,19.141803,17.230578,18.051259,14.772436,16.084749,17.043425,16.817944,2.434373
2017-01-16,18.154334,17.012299,16.97118,16.404972,18.116782,15.908879,17.997284,16.117272,18.546721,16.419726999999998,18.652967,15.576378,16.084749,16.236635999999994,16.514004999999994,2.2315080000000003
2017-02-15,17.167686,15.91794,15.758953,15.70476,17.00346,14.914573999999998,16.711763,14.596775,17.455738,15.710233,18.352113,14.772436,15.886172,16.236635999999994,16.817944,0.101432
2017-02-16,17.26635,15.818453,16.264048000000006,16.404972,17.205882,15.113435,16.711763,15.407707,18.348361,15.50752,17.44955,15.475885,16.382614,16.539182,15.906128,2.941534
2017-02-17,17.66101,16.116914,16.365067,16.404972,17.205882,15.312296,16.810648999999998,17.232302999999998,18.15,15.912946,18.251828,15.274899,16.68048,16.135787,15.095624,0.304297
2017-02-18,17.66101,16.216402,16.567104999999998,16.404972,17.205882,15.411727,17.008422,16.624104,17.654098,16.318371,18.151544,15.274899,16.382614,16.135787,16.817944,1.724347
2017-02-19,17.85834,16.315889000000002,16.668124,16.705063,17.408304,15.511157,17.008422,16.421371,17.753279,16.318371,18.151544,14.772436,15.687594,17.850214,15.703502,2.738669
2017-02-20,18.154334,16.315889000000002,16.870162,16.805093,17.509515,15.809449,17.30508,16.015905,18.05082,15.912946,18.853537,15.777363,15.191152,17.144274,17.121883,2.535805
2017-02-21,17.957004,16.415376000000002,16.870162,16.505001999999998,17.509515,15.809449,17.206194,16.928204,18.645902,17.027865,18.051259,15.978349,15.191152,16.64003,17.223195999999998,1.420051
2017-02-22,17.759675,16.514863000000002,16.870162,16.404972,17.307093,15.610588,17.206194,16.826837,18.15,16.723796,19.154391,14.671943,16.382614,17.144274,16.716631,2.637237
2017-02-23,17.562345,16.315889000000002,16.668124,16.104881,17.610727,15.411727,17.206194,16.928204,17.455738,16.419726999999998,18.853537,15.576378,15.886172,15.429846,16.412692,3.24583
2017-02-24,17.562345,16.315889000000002,16.365067,15.904820999999998,17.408304,15.411727,17.107308,15.711806,18.05082,16.419726999999998,17.950974,14.370465,16.283326000000002,16.236635999999994,17.020570000000006,3.651559
2017-02-25,17.66101,16.116914,16.365067,16.004851000000002,17.307093,15.312296,17.107308,16.421371,17.654098,16.115658,16.747557,14.671943,15.687594,15.732392,15.703502,1.420051
2017-02-26,17.85834,16.315889000000002,16.365067,16.104881,17.307093,15.411727,17.008422,15.914539,17.951639,15.912946,17.750404999999994,15.073914000000002,15.191152,15.429846,15.906128,3.24583
2017-02-27,18.055669,16.216402,16.365067,16.304942,17.307093,15.610588,17.107308,16.015905,17.951639,17.027865,18.251828,15.877856,15.489017,16.438333,17.628447,1.014322
2017-02-28,18.055669,16.216402,16.567104999999998,16.605033,17.509515,15.809449,17.107308,15.610439,17.554918,15.50752,18.051259,15.274899,15.886172,16.942576000000006,15.29825,3.144398
2017-03-01,18.351664000000003,16.415376000000002,16.769143,16.705063,17.509515,15.710018,17.206194,15.813172,18.447541,15.608877,18.352113,15.274899,15.29044,17.446820000000002,16.514004999999994,3.752991
2017-03-02,18.351664000000003,16.514863000000002,16.668124,16.705063,17.307093,15.710018,17.30508,17.33367,17.951639,15.811589,18.051259,15.676870999999998,15.786883,17.144274,16.514004999999994,1.115754
2017-03-03,18.351664000000003,16.514863000000002,16.870162,16.705063,17.711938,15.809449,17.30508,16.522738,18.15,16.014302,18.051259,16.179334,15.389729,17.043425,17.223195999999998,1.622915
2017-03-04,18.548994,16.315889000000002,16.870162,17.005154,17.509515,16.00831,17.206194,16.320005,17.455738,17.230578,18.251828,14.772436,15.687594,17.446820000000002,17.831073,3.651559
2017-03-05,18.943653,16.415376000000002,17.072198999999998,17.205215,17.509515,16.207171,17.403967,15.711806,18.05082,17.027865,17.950974,15.777363,16.481903,18.455306,16.615318,3.042966
2017-03-06,18.844988,16.315889000000002,17.274237,17.205215,17.711938,16.207171,17.502852999999998,16.624104,18.447541,17.129222,18.552683,15.274899,16.978346,18.051912,17.932385999999994,3.752991
2017-03-07,18.943653,16.61435,17.375256,17.505306,17.711938,16.207171,17.502852999999998,17.02957,18.645902,16.723796,19.354961,15.777363,16.68048,17.749366000000006,18.135012,3.550127
2017-03-08,18.943653,16.61435,17.274237,17.305245000000006,17.711938,16.306601,17.601739000000006,15.509073,18.24918,16.318371,18.051259,15.676870999999998,16.68048,17.446820000000002,17.223195999999998,2.535805
2017-03-09,19.042318,16.713836999999998,17.274237,17.405275,17.711938,16.406032,17.700625,16.218638000000002,18.943443,17.230578,19.455246,14.671943,17.3755,17.648517000000005,16.716631,1.115754
2017-03-10,19.239648000000006,16.713836999999998,17.577294000000002,17.705366,17.914360000000006,16.604893,17.601739000000006,17.02957,18.348361,17.331934,18.151544,15.676870999999998,16.581192,18.556155,17.527134,2.941534
2017-03-11,19.436977,16.813323999999998,17.577294000000002,17.905427,18.116782,16.803754,17.700625,17.637769,19.042623000000006,17.331934,19.254676,16.782291,16.481903,19.161247,18.337638,3.651559
2017-03-12,19.436977,16.713836999999998,17.880351,18.105488,18.217993,16.803754,17.898397,16.421371,18.745082,17.940073,19.655815,16.480813,17.474789,18.657004,18.844202,3.854424
2017-03-13,19.338312,17.012299,17.678313,17.705366,18.116782,16.903184,17.898397,17.637769,18.05082,17.129222,20.056954,15.274899,16.382614,18.95955,18.337638,2.332941
2017-03-14,19.140983,17.012299,17.678313,17.805397,18.319204,16.803754,17.898397,18.245968,18.546721,17.331934,19.154391,15.375392000000002,16.481903,18.354458,17.324507999999998,3.752991
2017-03-15,19.140983,17.012299,17.577294000000002,17.605335999999994,18.217993,16.903184,17.997284,17.02957,18.447541,17.534647,18.853537,15.676870999999998,16.779769,17.951063,17.72976,2.535805
2017-03-16,19.239648000000006,17.111786,17.577294000000002,17.705366,18.319204,16.903184,17.898397,17.739136,17.753279,17.331934,18.452398,16.279826999999994,16.084749,18.757852,17.72976,2.434373
2017-03-17,19.239648000000006,17.012299,17.577294000000002,17.705366,18.319204,16.803754,18.09617,17.232302999999998,19.042623000000006,17.534647,19.154391,15.877856,16.779769,18.95955,17.527134,4.564449
2017-03-18,19.436977,17.211273000000002,17.577294000000002,17.705366,18.217993,16.903184,17.799511,16.522738,19.340164,17.636003,18.652967,16.38032,16.184037,19.262096,18.033699,4.868746
2017-03-19,19.436977,17.211273000000002,17.779332,17.905427,18.420415,17.002615,18.09617,17.637769,18.943443,18.142785,19.354961,17.083769,15.98546,18.15276,18.135012,2.535805
2017-03-20,19.140983,17.111786,17.678313,17.705366,18.319204,16.803754,18.09617,16.522738,19.538525,17.331934,18.853537,16.782291,16.581192,18.15276,18.135012,4.361585
2017-03-21,19.239648000000006,17.211273000000002,17.577294000000002,17.705366,18.420415,17.002615,18.09617,18.043235,18.745082,17.940073,18.753252,16.581305,17.077634,17.345971,17.932385999999994,4.564449
2017-03-22,19.140983,17.111786,17.678313,17.705366,18.521626,16.903184,18.09617,17.637769,19.935246,17.331934,18.853537,15.274899,15.98546,18.051912,17.223195999999998,3.144398
2017-03-23,18.844988,17.111786,17.476275,17.605335999999994,18.319204,16.604893,18.09617,18.144602,19.141803,16.521084,18.552683,16.480813,15.389729,18.15276,17.324507999999998,2.535805
2017-03-24,18.746323,17.211273000000002,17.274237,17.105184,18.319204,16.604893,17.997284,17.739136,19.836066,17.838716,18.352113,16.078842,17.176923000000002,16.942576000000006,17.527134,3.752991
2017-03-25,18.844988,17.012299,17.375256,17.205215,18.217993,16.406032,17.997284,17.02957,19.439344,17.027865,18.953822,15.978349,16.283326000000002,18.051912,17.72976,2.2315080000000003
2017-03-26,19.042318,17.012299,17.274237,17.405275,18.217993,16.604893,17.997284,16.522738,19.141803,17.838716,18.753252,16.38032,16.581192,17.245122,16.919257,3.651559
2017-03-27,19.140983,16.912810999999998,17.375256,17.605335999999994,18.116782,16.704323000000002,17.898397,16.117272,19.637705,17.433291,18.953822,15.978349,14.893285999999998,19.060398,16.514004999999994,2.2315080000000003
2017-03-28,19.535642000000006,17.012299,17.779332,17.905427,18.319204,16.903184,17.997284,17.435036,18.844262,17.636003,18.352113,15.777363,15.786883,18.455306,17.628447,2.434373
2017-03-29,19.634307,17.111786,17.779332,18.105488,18.420415,17.102045,17.997284,17.02957,18.943443,17.838716,19.956669,16.179334,16.978346,19.060398,18.641576,5.07161
2017-03-30,19.634307,17.211273000000002,18.082389000000006,18.205518,18.521626,17.300906,18.195056,18.245968,18.348361,18.142785,19.154391,17.284755,15.98546,19.564642000000006,17.932385999999994,4.665881
2017-03-31,19.634307,17.310760000000002,17.880351,18.205518,18.622837,17.300906,17.997284,17.739136,18.447541,17.433291,20.056954,16.983276,16.879057,19.968036,18.135012,4.564449
2017-04-01,19.732972,17.410247000000002,18.082389000000006,18.105488,18.622837,17.300906,18.293942,17.840501999999994,19.042623000000006,18.649567,19.354961,15.676870999999998,17.176923000000002,18.95955,17.932385999999994,4.970178
2017-04-02,20.226296,17.509733999999998,18.183408,18.505609,18.622837,17.599198,18.293942,16.725471,18.943443,16.825153,19.655815,17.184262,16.481903,19.060398,18.438951,5.274474
2017-04-03,20.423626,17.509733999999998,18.587483,18.90573,18.521626,17.599198,18.195056,18.144602,19.637705,18.142785,20.157239,16.480813,16.779769,20.169734,18.337638,3.955856
2017-04-04,20.719620000000006,17.509733999999998,18.688502,19.205821,18.825259,17.798059,18.491714,17.840501999999994,19.935246,17.940073,20.558378,16.782291,17.474789,20.774826,18.540263,3.752991
2017-04-05,20.818285,17.808196,18.89054,19.305851,18.825259,17.996920000000006,18.590601,18.854167,19.141803,18.142785,20.658663,16.279826999999994,17.971232,21.17822,19.350767,5.578771
2017-04-06,20.719620000000006,17.907683,19.092578,19.305851,19.027682,18.195781,18.689487,19.462366,19.935246,19.156349,19.7561,18.993132,18.964117,20.573128,18.135012,3.550127
2017-04-07,20.818285,18.007170000000006,19.092578,19.505912,19.027682,18.09635,18.986145,19.158267,19.340164,17.838716,20.558378,17.686726,18.964117,21.17822,19.148141,5.375907
2017-04-08,20.91695,18.206144,19.294616,19.906033,19.230104,18.295211,18.887259,19.361,20.133607,18.548211,21.260372,18.490668,18.07052,20.673977,19.45208,4.057288
2017-04-09,20.818285,18.305631,19.395635,19.605942,19.533737,18.593503,18.887259,18.955534,20.431148,19.257705,19.655815,17.787218,17.871942999999995,20.47228,20.059957,4.057288
2017-04-10,20.620956,18.305631,19.294616,19.405882,19.533737,18.295211,19.085031,17.637769,20.331967,18.142785,20.458093,17.184262,18.269097,20.068885,19.148141,5.578771
2017-04-11,20.324961,18.305631,19.092578,19.205821,19.331315,18.195781,18.887259,18.752801,20.133607,19.257705,19.354961,17.887711,17.176923000000002,18.253609,19.249454,3.854424
2017-04-12,20.620956,18.405118,18.89054,19.105791,19.331315,18.195781,18.887259,17.637769,20.331967,17.940073,19.55553,17.184262,17.3755,20.47228,18.945515,3.651559
2017-04-13,20.522291,18.206144,18.991559,19.405882,19.331315,18.195781,18.986145,19.0569,19.736885,19.257705,19.956669,18.088697,18.467674,20.673977,19.45208,3.752991
2017-04-14,21.11428,18.305631,19.294616,19.806003,19.331315,18.394642,19.085031,18.347335,19.439344,19.054992,20.758948,17.586233,17.574077,22.287556,18.742889,4.260152
2017-04-15,21.508939,18.405118,19.496654,20.306154,19.432526,18.394642,18.986145,18.043235,20.530328,18.953636,21.360656,17.787218,18.76554,22.388405,19.350767,5.781635
2017-04-16,21.804934,18.405118,20.001748000000006,21.106397,19.432526,18.991225,19.282804,18.854167,20.629508,19.257705,21.059802,17.988204,19.46056,21.98501,20.059957,6.9988220000000005
2017-04-17,22.199593,18.803067,20.506843,20.906336,19.736159,19.289516,19.282804,20.070565,20.530328,19.359061,21.059802,18.390175,19.957003,22.993497,20.059957,5.680203
2017-04-18,22.396923,19.002041,20.506843,21.306458,19.938581,19.388947,19.579462,18.854167,20.728689000000006,19.359061,21.360656,18.591161,19.758426,23.396891,20.059957,6.390229
2017-04-19,22.396923,19.002041,20.8099,21.606549,19.938581,19.587808,19.678349,20.678764,20.629508,20.271268,21.86208,18.993132,20.15558,23.800286,20.262583,5.274474
2017-04-20,22.692918,19.300502,20.8099,21.506518,20.242214,19.587808,19.777235,20.273298,21.22459,19.764487,21.761795000000006,18.993132,20.751312,23.396891,21.174399,7.303117999999999
2017-04-21,22.495588,19.300502,21.112957,21.606549,20.242214,19.786669,19.876121,19.361,21.522131,20.068556,22.263219,19.998059,19.659137,23.598589,20.87046,6.593093
2017-04-22,22.791582,19.698451,21.011938,21.606549,20.444637,20.08496,20.271666,20.374665,21.22459,19.967199,21.86208,19.093624,19.758426,23.800286,21.579651,6.288796
2017-04-23,22.791582,19.39999,21.112957,21.90664,20.444637,20.283821,20.172779,20.374665,21.32377,19.66313,22.263219,19.696581,20.8506,23.49774,20.769148,6.288796
2017-04-24,23.186242,19.698451,21.213976,21.90664,20.647059,20.184391,20.370552,19.867832,21.32377,19.561774,21.86208,20.40003,19.957003,24.405378,21.782277,6.9988220000000005
2017-04-25,23.087577,19.797938,21.71907,22.206731,20.849481,20.582113,20.370552,20.678764,22.216393,21.082119,21.661511,19.395103,20.254869,23.800286,21.680964000000003,6.593093
2017-04-26,23.087577,19.797938,21.618051,22.1067,20.74827,20.383252,20.568324,19.766466,20.629508,21.487544,22.764643,19.897566,20.354157,24.203681,22.288841,7.100254
2017-04-27,23.186242,19.996912,21.618051,22.1067,20.950692,20.482682,20.469438,20.678764,21.720492,20.169912,21.561226,19.395103,20.056292000000006,23.396891,21.680964000000003,5.781635
2017-04-28,23.284907,20.096399,21.517032,22.206731,20.950692,20.582113,20.66721,21.08423,21.422951,21.791614000000006,23.165782,19.596088,19.857714,24.405378,22.491467,5.274474
2017-04-29,23.580901,20.195887,21.71907,22.506821,20.950692,20.681543,20.66721,20.577398,21.918852,21.082119,23.366352,19.495595,20.949889,24.304529,21.478338,6.593093
2017-04-30,23.778231,20.096399,21.921108,22.806912,21.051903,20.780974,20.766096,21.591062,21.22459,21.284832,23.466636,20.701508,20.15558,24.506227,21.984903,6.694525
2017-05-01,23.876896,20.195887,22.224165,22.906943,21.355536,21.178695,20.864983,20.881497,21.12541,20.575337,22.965213,19.897566,21.347043,25.111319,21.579651,7.810278999999999
2017-05-02,23.778231,20.394861,22.426203,22.906943,21.355536,21.178695,21.161641,21.591062,22.414754,21.183475,22.664358,20.40003,20.949889,24.506227,23.200658,9.534627
2017-05-03,23.876896,20.693322,22.426203,22.806912,21.557958,21.178695,21.062755,21.08423,21.918852,21.284832,23.96806,19.897566,21.247754,25.212167,22.390154000000006,7.2016860000000005
2017-05-04,23.778231,20.693322,22.325184,22.806912,21.659169,21.178695,21.161641,21.793795000000006,22.811475,21.690257,23.466636,20.500523,21.347043,24.909621,22.59278,9.331762
2017-05-05,23.679566,20.792809,22.426203,22.806912,21.557958,21.178695,21.161641,21.692429,22.315574,21.588901,24.068345,19.998059,21.347043,24.304529,22.187528,8.418873
2017-05-06,23.876896,20.892296,22.426203,23.107003,21.659169,21.278126,21.359413,20.678764,21.22459,21.588901,23.767491,20.701508,21.744197,24.808773,21.782277,8.520305
2017-05-07,24.172891,20.792809,22.628241,23.307064,21.659169,21.377556,21.4583,20.78013,22.315574,21.386188,23.366352,20.098552,21.347043,25.615562,22.896719,9.838923
2017-05-08,23.975561,20.792809,22.628241,23.107003,21.76038,21.377556,21.4583,22.097895,22.910656,22.501108,23.667206,20.500523,21.148466,24.707924,22.59278,7.708847
2017-05-09,23.679566,21.091271,22.72926,23.006973,21.962803,21.377556,21.4583,22.300628,21.621311,22.197039,23.566921,21.806929,22.042063,24.607075,22.491467,7.708847
2017-05-10,23.975561,20.892296,22.224165,23.207034,21.861592,21.377556,21.4583,21.185596,21.621311,21.487544,22.965213,21.505451,21.049177,25.111319,22.187528,8.926034
2017-05-11,24.074226,20.792809,22.628241,23.507125,21.861592,21.476987,21.557186,22.80746,21.522131,21.487544,23.867776,19.696581,21.54562,25.918108,21.782277,8.31744
2017-05-12,24.271555,21.091271,22.931297,23.607155,22.064014,21.675848,21.754958,21.996528,22.712295,21.690257,23.767491,19.897566,21.644909,25.716411,22.187528,7.303117999999999
2017-05-13,24.56755,20.991784,22.830278,23.707185,21.962803,21.775278,21.656072,21.489696,23.009836,21.994326,24.770339,20.701508,21.148466,25.716411,22.795406,9.737491
2017-05-14,24.666215,21.190758,23.032316,23.907246,22.064014,21.974139,21.656072,21.996528,22.811475,22.298395000000006,24.369199,21.806929,20.949889,26.825746,23.099345,7.2016860000000005
2017-05-15,24.76488,21.290245,23.133335,23.907246,22.367647,22.173,21.95273,21.388329,22.712295,22.197039,23.566921,21.806929,21.942774,25.918108,23.707222,11.258974
2017-05-16,24.962209,21.489219,23.436392,24.107307,22.064014,21.974139,22.051617,22.706094,23.109016,22.095683,24.569769,21.505451,22.93566,26.724897,23.605909,6.89739
2017-05-17,25.060874,21.588706,23.335373,23.907246,22.266436,22.173,22.051617,22.706094,23.109016,22.095683,24.569769,21.505451,22.93566,26.724897,23.605909,6.89739
2017-05-18,25.356869,21.489219,23.335373,24.207337,22.468858,22.371861,22.150503,22.908827,22.414754,23.413315,24.569769,22.108407,22.439217000000006,26.724897,23.30197,10.650381
2017-05-19,25.554199,21.787681,23.537411,24.407398,22.468858,22.371861,22.249389,22.401994,23.406557,22.095683,25.572617,21.505451,21.446332,28.03593,24.112474,7.911712
2017-05-20,25.554199,21.688193,23.840468,24.807519,22.468858,22.670153,22.348275,22.706094,23.604918,21.791614000000006,25.071193,22.309393,23.531392,27.329989,24.517725,10.346084
2017-05-21,25.850193,21.986655,24.042506,25.007579,22.873702,22.769583,22.348275,23.11156,23.208197,23.00789,25.372047,22.007914000000003,22.836372,27.935081,23.909848,8.216008
2017-05-22,26.047523,21.887168,24.244544,25.10761,22.873702,22.869014,22.546048000000006,23.719759,23.803279,22.805177,25.973756,22.811856,22.93566,28.03593,23.909848,10.041788
2017-05-23,26.047523,22.185629,24.244544,24.907549,22.873702,23.167305,22.546048000000006,23.010193,24.398361,23.00789,25.472332,22.811856,23.233526,27.128292,25.834793,11.563271
2017-05-24,25.850193,22.185629,24.446581,25.007579,23.076124,23.266736,22.74382,23.314293,23.109016,24.122809,25.472332,21.806929,22.836372,27.229141,25.226916,12.273296
2017-05-25,25.751528,22.086142,24.244544,24.607458,23.177335,23.067875,22.842706,23.212926,24.001639,23.616028,25.672901,23.31432,22.836372,27.733384,23.808535,11.563271
2017-05-26,25.751528,22.086142,24.244544,24.607458,23.177335,23.167305,22.74382,23.212926,24.001639,23.616028,25.672901,22.711364,23.332814000000006,27.329989,25.226916,12.171864
2017-05-27,26.146188,22.384603,24.5476,25.20764,23.177335,23.067875,22.941592,23.517026,24.497541,23.210602,26.47518,22.007914000000003,21.843486,28.439325,25.73348,8.824601
2017-05-28,26.738177,22.583578,24.749638,25.607761,23.379758,23.465597,22.941592,24.125225,24.2,24.224166,25.572617,22.610871,23.928546,28.842719,24.720351,10.853245
2017-05-29,27.132836,22.683065,24.951676000000006,26.007883,23.379758,23.664458,23.040478,25.341623,24.2,24.426878,26.174325,23.816784,24.424989,28.641022,25.936106,10.650381
2017-05-30,27.231501,22.683065,25.355752,26.007883,23.58218,23.763888,23.238251,24.429324,24.2,23.717384,27.177173,23.917277,24.127123,29.750357,24.720351,10.346084
2017-05-31,27.428831,23.081013,25.456771,26.307974,23.58218,23.962749,23.337137,24.936157,24.993443,24.629591,27.478027,23.213827,24.921432,29.851206,25.530855,10.447517
2017-06-01,27.428831,23.081013,25.55779,26.508034,23.987024,24.360471,23.436023,25.037523,24.398361,24.122809,27.578312,23.716291,23.63068,29.447811,26.543984,12.780457
2017-06-02,27.527496000000006,23.081013,25.658809,26.608065000000003,23.784602,24.261041,23.732682,24.733424,24.10082,25.643155,27.678597,24.821712,24.722854,29.649509,25.530855,12.881889
2017-06-03,27.724825,23.379475,25.961865,26.808125,24.088235,24.559332,23.831568,24.936157,24.398361,24.93366,27.076888,24.721219,24.921432,30.355449,27.050548,11.969
2017-06-04,27.823490000000003,23.478962,25.961865,26.608065000000003,24.290657,24.559332,23.930454,24.429324,25.092623,25.339085,27.076888,25.625654,24.822143,29.952055,26.847922,11.05611
2017-06-05,27.724825,23.777423,26.062884,26.307974,24.088235,24.658763,23.930454,25.13889,24.001639,24.730947,27.578312,24.319248,25.02072,29.54866,26.847922,13.38905
2017-06-06,27.132836,23.677936,25.860846,26.107913,24.189446,24.459902,23.930454,25.341623,24.596721,25.440442,27.076888,24.319248,25.120009,28.338476,24.922977,12.983322
2017-06-07,26.935507,23.777423,25.55779,25.907852,24.391868,24.459902,23.930454,25.341623,24.894262,24.629591,27.879166,24.218755,23.729969,29.246114,25.936106,12.273296
2017-06-08,26.935507,23.478962,25.55779,26.007883,24.391868,24.459902,23.732682,23.415659,24.497541,24.224166,28.079736,24.821712,24.226412,28.641022,25.73348,11.157542
2017-06-09,27.231501,23.777423,25.759828,26.207943,24.391868,24.559332,24.02934,25.341623,25.588525,25.035016,26.675749,25.223683,24.722854,29.851206,25.73348,13.693347
2017-06-10,27.231501,23.777423,25.658809,26.007883,24.493079,24.559332,24.227112,24.632057,25.191803,26.251293,28.180021000000004,24.620726,24.623566,29.346963,27.354487,12.577592999999998
2017-06-11,26.935507,23.677936,25.55779,26.107913,24.59429,24.559332,24.02934,23.314293,24.497541,24.832304,28.38059,24.419741,24.524277,28.842719,26.645297,10.650381
2017-06-12,27.132836,23.777423,25.759828,26.207943,24.391868,24.658763,24.02934,25.037523,23.902459,24.730947,27.277458000000006,24.419741,23.531392,28.439325,25.530855,13.287618
2017-06-13,27.034171,23.777423,25.759828,26.207943,24.493079,24.360471,24.02934,23.922492,24.596721,24.629591,27.778882,25.625654,25.02072,29.447811,25.936106,13.287618
2017-06-14,27.034171,23.777423,25.759828,26.107913,24.391868,24.360471,24.02934,25.341623,25.588525,24.629591,26.976603000000004,24.218755,24.3257,28.641022,26.74661,12.070432
2017-06-15,27.231501,23.777423,25.759828,26.307974,24.59429,24.360471,24.02934,24.530691,24.894262,24.224166,27.277458000000006,25.022697,25.318586,28.237627000000003,26.341358000000003,12.070432
2017-06-16,27.330166,23.777423,25.759828,26.307974,24.59429,24.459902,24.128226,24.530691,24.894262,25.744511,27.277458000000006,24.520233,24.226412,29.145265,26.74661,11.157542
2017-06-17,27.428831,23.777423,25.961865,26.408004,24.59429,24.459902,24.227112,24.023858,25.290984,25.237729,26.976603000000004,24.721219,24.722854,29.145265,26.645297,11.766135
2017-06-18,27.724825,23.976397,25.961865,26.508034,24.59429,24.658763,24.128226,25.037523,24.993443,24.528235,28.781729,24.520233,24.524277,29.346963,26.543984,12.983322
2017-06-19,27.527496000000006,23.976397,26.163903,26.408004,24.796713,24.758193,24.227112,24.327958,25.886066,25.440442,28.681445,25.022697,24.623566,29.447811,26.74661,12.171864
2017-06-20,27.724825,24.175372,26.163903,26.608065000000003,24.897924,24.957054,24.227112,24.936157,24.993443,25.541798,27.879166,25.12319,24.921432,30.153752,26.442671,11.563271
2017-06-21,28.02082,23.87691,26.365941,26.808125,24.796713,24.957054,24.424885,25.848455,24.695902,25.339085,27.879166,24.821712,25.616452,30.052903000000004,26.645297,13.186186
2017-06-22,27.922155,24.175372,26.46696,26.808125,24.897924,25.056485,24.325999,25.544356,25.489344,26.04858,27.979451,24.218755,24.921432,30.052903000000004,27.050548,13.084754
2017-06-23,27.823490000000003,24.075884,26.264922,26.808125,24.897924,25.155915,24.424885,25.645722,25.290984,25.643155,28.280306,24.721219,25.120009,29.750357,26.847922,11.969
2017-06-24,28.119485,24.374346,26.365941,26.808125,24.999135,25.155915,24.523771,24.632057,24.695902,26.149936,28.882014,24.520233,25.914317,30.355449,26.645297,11.563271
2017-06-25,28.119485,24.374346,26.365941,27.008186,25.100346,25.155915,24.523771,26.051188,25.092623,25.035016,27.979451,24.922204,25.02072,30.254601,27.354487,11.157542
2017-06-26,28.415479,24.57332,26.46696,27.108216,25.100346,25.354776,24.622657,24.327958,25.390164,25.947224,28.681445,25.223683,25.71574,30.254601,27.354487,11.461839
2017-06-27,28.514144,24.374346,26.46696,27.208246000000006,25.302768,25.354776,24.919316,25.645722,25.786885,25.541798,28.480875,26.027625,25.517163,30.355449,26.74661,13.591915
2017-06-28,28.514144,24.374346,26.871036,27.308277,25.302768,25.553637,24.721543,25.747089000000006,26.580328,26.251293,29.182868,25.12319,26.112894,30.052903000000004,27.759739,13.186186
2017-06-29,28.514144,24.473833,26.871036,27.508337,25.201557,25.454207,24.919316,25.442989,25.886066,25.947224,28.781729,25.826639,25.815029,30.859693,27.4558,13.997644
2017-06-30,28.810139000000003,24.672807,26.972055,27.508337,25.302768,25.553637,24.919316,25.544356,25.985246,25.440442,28.180021000000004,25.726146,24.921432,31.162239000000003,27.658426,11.563271
2017-07-01,28.810139000000003,24.672807,26.972055,27.408307,25.403979,25.752498000000006,24.919316,25.544356,26.580328,25.947224,28.781729,26.128118,25.417874,31.263087,26.74661,13.997644
2017-07-02,28.415479,24.772294,26.770017,27.308277,25.403979,25.653068,25.117088,25.240256,25.588525,25.339085,28.58116,25.525161,24.524277,30.557147,27.253174,12.171864
2017-07-03,28.316815,24.672807,26.871036,27.408307,25.606401,25.851929,25.117088,25.645722,26.084426,25.440442,28.180021000000004,25.12319,25.71574,30.052903000000004,27.962365,12.679025
2017-07-04,28.514144,24.772294,27.073074,27.608368,25.302768,25.752498000000006,25.117088,26.253921,25.886066,25.947224,28.079736,25.726146,25.219297,30.758844,28.164990000000003,12.273296
2017-07-05,28.908804,24.772294,27.073074,27.808428000000006,25.707612,25.752498000000006,25.117088,24.936157,26.381967,25.947224,28.681445,26.329103000000003,26.41076,30.758844,27.151861,12.070432
2017-07-06,29.106133000000003,24.871782,27.073074,28.108519,25.707612,26.05079,25.215974,25.949821,26.481148,26.04858,28.180021000000004,26.027625,26.41076,31.061390000000006,28.367616,15.316262
2017-07-07,29.402128,24.971269,27.37613,28.20855,25.707612,26.05079,25.31486,25.747089000000006,26.183607,26.454005,28.781729,26.530089,25.517163,31.666482,28.975494,13.490483
2017-07-08,29.698123,24.971269,27.37613,28.30858,25.707612,26.05079,25.413747,25.037523,26.183607,26.251293,29.283153,25.424668,26.708626,31.263087,28.367616,12.881889
2017-07-09,29.402128,25.170243,27.578168,28.30858,25.808823,26.249651,25.512633,26.051188,25.985246,26.454005,30.48657,25.625654,26.112894,31.061390000000006,28.570242,14.30194
2017-07-10,29.402128,25.170243,27.578168,28.20855,26.011246,26.349081,25.413747,26.659387,26.679508,27.1635,29.283153,26.027625,26.609337,31.464785,28.671555,12.476161
2017-07-11,29.500793,25.26973,27.578168,28.20855,26.011246,26.349081,25.512633,26.051188,26.481148,26.758074,29.182868,26.22861,26.609337,30.657995,28.164990000000003,13.287618
2017-07-12,29.698123,25.170243,27.780206,28.40861,25.910034,26.448512,25.611519,27.064853000000006,27.07623,26.555362,29.784577,26.128118,26.112894,32.170725,28.367616,13.38905
2017-07-13,30.092782,25.468704,27.780206,28.40861,26.112457,26.547942,25.710405,26.456654,26.977049,26.758074,29.985147,26.329103000000003,25.914317,31.363936,27.253174,12.374728
2017-07-14,30.092782,25.568191,27.982244,28.808731,26.112457,26.647373,25.809291,27.166219,27.17541,27.366212,29.182868,26.530089,27.205069,32.775817,28.570242,15.823423000000002
2017-07-15,30.290112,25.468704,28.184282,28.908762,26.314879,26.846234000000006,25.809291,26.760753,26.381967,27.467569,30.586855,27.032552000000006,26.907203000000006,31.666482,29.076807,14.707669
2017-07-16,30.388777,25.667679,28.38632,29.108822,26.517301,27.045095,25.809291,27.875785,27.472951,26.656718,29.082584000000004,27.032552000000006,26.510049,33.481758,28.874181,16.533448999999994
2017-07-17,30.684771,25.767166,28.689377,29.508944,26.416090000000004,27.243956,26.204836,27.368952,27.17541,28.075707,30.386286,27.836494,26.510049,32.876666,29.785997,15.519127
2017-07-18,30.882101,25.96614,28.992433,29.608974,26.820934,27.442817,26.402608,26.963486,26.282787,27.670281,30.987994,26.731074,27.602223,33.179212,29.88731,13.896211
2017-08-16,30.882101,27.35896,29.497528000000006,29.508944,28.237889000000006,28.238261,27.688129,27.774418,28.266393,28.987914,29.182868,29.042408,28.595109000000004,33.280061,30.292562,17.750635
2017-08-17,30.783436,27.259473,29.29549,29.608974,28.136678000000003,28.337691,27.490356,27.267586,27.869672,29.089270000000006,28.280306,29.243393,27.701512,32.674969,29.88731,16.939176999999994
2017-08-18,30.980766,27.259473,29.396509,29.508944,28.136678000000003,28.238261,27.490356,27.166219,27.770492,29.089270000000006,29.584008,29.444379,28.793686,33.481758,30.900439,16.12772
2017-08-19,31.27676,27.159985,29.29549,29.508944,28.035467,28.337691,27.589242,27.774418,28.266393,28.987914,30.386286,29.042408,28.396532,33.481758,29.988623,16.330583999999998
2017-08-20,31.27676,27.259473,29.497528000000006,29.508944,28.136678000000003,28.337691,27.39147,28.483984000000003,28.068033000000003,29.089270000000006,28.681445,29.444379,29.290129,31.969028,30.191249,17.243474
2017-08-21,31.27676,27.159985,29.396509,29.508944,27.934256,28.238261,27.39147,28.078518,28.068033000000003,30.204190000000004,29.082584000000004,29.243393,28.098666,32.775817,30.5965,17.04061
2017-08-22,31.474090000000004,27.259473,29.396509,29.709004,28.035467,28.337691,27.688129,28.990816,29.059836,29.190626,29.884862,29.343886,29.687283,32.57412,30.393874,15.823423000000002
2017-08-23,31.572755,27.35896,29.699566,30.009095,28.136678000000003,28.536552,27.589242,29.294916,27.869672,29.291983,29.985147,29.042408,28.992263,32.977515000000004,30.5965,17.750635
2017-08-24,31.67142,27.35896,29.901604,30.209156,28.136678000000003,28.635983000000003,27.787015000000004,28.179884,29.357377000000003,30.204190000000004,30.185716,29.745857,27.900089,33.683455,30.495187,17.142042
2017-08-25,31.572755,27.35896,30.20466,30.309186,28.237889000000006,28.635983000000003,27.688129,29.092183,28.563934000000003,29.900121,29.985147,29.84635,28.793686,32.876666,30.089936,15.316262
2017-08-26,31.67142,27.35896,29.800585,29.809035,28.237889000000006,28.635983000000003,27.787015000000004,28.58535,28.563934000000003,28.582488,29.383438,29.042408,29.587994,33.784304,30.799126,16.432016
2017-08-27,31.67142,27.557934000000003,29.901604,30.009095,28.3391,28.536552,27.787015000000004,28.58535,28.563934000000003,30.001477,29.684292,28.338958,28.49582,33.380909,30.799126,15.721991
2017-08-28,31.67142,27.458447,29.901604,30.009095,28.3391,28.635983000000003,27.787015000000004,28.078518,28.266393,29.697408000000006,29.884862,28.841422,28.49582,33.986001,30.799126,16.736313
2017-08-29,31.67142,27.657421000000006,29.800585,30.009095,28.440311,28.536552,27.688129,28.281251,27.968852,29.798765000000003,31.088279,30.348813,29.091552000000004,32.977515000000004,32.014881,17.243474
2017-08-30,31.375425,27.458447,29.699566,29.608974,28.3391,28.536552,27.984787,29.092183,28.563934000000003,30.001477,29.182868,29.84635,27.602223,31.162239000000003,30.393874,15.721991
2017-08-31,30.882101,27.458447,29.396509,29.108822,28.440311,28.437122,27.787015000000004,28.483984000000003,27.968852,29.494695,29.985147,29.1429,29.091552000000004,32.271574,30.697813,17.04061
2017-09-01,30.388777,27.35896,29.093452000000006,28.908762,28.3391,28.13883,27.688129,28.88945,28.365574,29.494695,29.684292,29.243393,28.297243,32.069877000000005,30.697813,15.113398000000002
2017-09-02,30.586106,27.35896,28.689377,28.608671,28.237889000000006,27.741108,27.490356,28.382617,28.266393,29.494695,28.982299,28.137973,28.197954,32.473271000000004,30.089936,14.504805
2017-09-03,30.290112,27.35896,28.689377,28.508641,28.136678000000003,27.542247,27.292584,28.483984000000003,27.373771,28.379776,29.884862,28.238465,26.907203000000006,31.162239000000003,28.772868,15.519127
2017-09-04,29.599458,27.060498,28.38632,28.108519,27.934256,27.442817,27.39147,27.267586,27.770492,29.494695,29.383438,27.334031,27.10578,31.464785,29.076807,14.200508
2017-09-05,29.599458,26.861524,28.083263,28.008489,27.833045,27.144525,27.193698,27.368952,27.572131,29.089270000000006,30.085431,28.539944,27.006492,31.263087,28.772868,13.693347
2017-09-06,29.698123,26.861524,27.881225,28.008489,27.833045,27.144525,27.094812,28.382617,27.671311,28.177063,28.480875,28.841422,28.297243,30.960541,28.874181,13.997644
2017-09-07,29.402128,26.66255,28.083263,27.808428000000006,27.731834000000006,27.144525,27.094812,27.166219,26.877869,28.481132,29.985147,28.03748,27.304357,31.263087,28.874181,15.519127
2017-09-08,29.599458,26.66255,27.881225,28.008489,27.529412,26.945664,26.897039000000003,27.875785,27.770492,28.582488,29.082584000000004,27.836494,26.510049,31.363936,30.089936,13.896211
2017-09-09,29.599458,26.563063,27.881225,28.108519,27.529412,27.144525,26.897039000000003,26.355287,27.274590000000003,27.97435,29.283153,27.535016,27.403646,31.061390000000006,28.468929,15.924855
2017-09-10,29.698123,26.861524,28.083263,28.20855,27.529412,27.144525,26.897039000000003,27.875785,26.282787,27.670281,29.584008,28.137973,27.10578,32.069877000000005,29.583371000000003,15.519127
2017-09-11,29.599458,26.563063,27.982244,28.108519,27.428201,26.945664,26.897039000000003,27.673052,27.17541,28.481132,30.586855,28.137973,27.900089,30.758844,30.191249,13.794779
2017-09-12,29.402128,26.66255,27.679187,27.808428000000006,27.326989,26.945664,26.897039000000003,27.470319,27.17541,28.075707,29.784577,27.233538,26.112894,31.666482,29.482058,14.910533
2017-09-13,29.402128,26.563063,27.881225,27.908459000000004,27.529412,26.945664,26.699267,26.253921,27.17541,27.771638,28.882014,28.03748,27.701512,31.061390000000006,29.076807,12.881889
2017-09-14,29.500793,26.364088,27.881225,27.908459000000004,27.529412,26.846234000000006,26.897039000000003,26.86212,27.572131,27.97435,29.182868,27.434523,27.304357,30.859693,28.468929,14.30194
2017-09-15,29.698123,26.66255,27.679187,27.908459000000004,27.529412,26.746803000000003,26.699267,27.470319,26.481148,27.568925,28.882014,27.836494,27.006492,31.565633,28.164990000000003,15.924855
2017-09-16,29.500793,26.463576,27.679187,27.808428000000006,27.529412,26.846234000000006,26.798153000000006,27.267586,27.07623,27.872994,29.584008,27.233538,27.304357,30.859693,28.266303000000004,13.794779
2017-09-17,29.402128,26.364088,27.679187,27.908459000000004,27.326989,26.746803000000003,26.600381,27.673052,27.17541,27.366212,28.882014,27.434523,26.708626,31.162239000000003,28.671555,13.997644
2017-09-18,29.599458,26.463576,27.679187,27.908459000000004,27.326989,26.746803000000003,26.699267,26.456654,26.481148,27.97435,29.283153,27.434523,27.10578,31.162239000000003,29.076807,15.011966
2017-09-19,29.402128,26.264601000000006,27.679187,27.808428000000006,27.326989,26.945664,26.699267,26.355287,26.977049,27.568925,29.483723,27.032552000000006,27.304357,31.263087,29.076807,13.693347
2017-09-20,29.402128,26.364088,27.679187,27.608368,27.326989,26.746803000000003,26.600381,27.064853000000006,27.572131,27.97435,28.38059,27.936987,27.205069,30.557147,29.17812,15.519127
2017-09-21,29.303463,26.463576,27.477149,27.608368,27.326989,26.846234000000006,26.600381,26.355287,28.068033000000003,27.771638,30.48657,27.936987,27.304357,30.557147,28.772868,14.809101
2017-09-22,29.106133000000003,26.264601000000006,27.679187,27.508337,27.124567,26.547942,26.699267,26.760753,28.068033000000003,27.670281,29.784577,28.740929,26.112894,30.456298,28.874181,15.011966
2017-09-23,29.007469,26.364088,27.275111,27.408307,27.326989,26.448512,26.501494,26.558020000000006,27.373771,27.264856,27.879166,27.133045000000006,27.8008,30.960541,28.772868,14.504805
2017-09-24,28.612809,26.264601000000006,27.275111,27.108216,27.428201,26.448512,26.402608,26.963486,27.17541,27.670281,27.678597,27.736002000000006,26.907203000000006,30.355449,27.759739,14.707669
2017-09-25,28.02082,26.065627,27.073074,27.008186,27.124567,26.249651,26.600381,26.963486,26.580328,26.656718,29.684292,27.032552000000006,25.417874,29.851206,27.759739,15.113398000000002
2017-09-26,28.316815,26.165114000000006,26.972055,27.108216,27.124567,26.249651,26.303722,26.760753,27.373771,27.062143,28.079736,26.530089,27.006492,30.960541,28.570242,13.997644
2017-09-27,28.316815,26.165114000000006,27.275111,27.008186,27.225778,26.249651,26.204836,26.659387,26.877869,27.366212,28.982299,27.736002000000006,27.10578,29.952055,27.962365,15.316262
2017-09-28,28.316815,25.866653,26.972055,26.908155,26.922145,26.15022,26.303722,25.544356,26.778689,26.960787,29.584008,27.434523,26.013606,30.456298,28.671555,12.780457
2017-09-29,28.316815,25.866653,26.770017,26.808125,26.922145,25.951359,26.10595,25.949821,26.580328,26.454005,29.784577,26.22861,25.517163,30.657995,29.076807,14.200508
2017-09-30,28.21815,25.866653,26.871036,26.708095,26.820934,25.951359,26.204836,26.558020000000006,26.481148,27.467569,28.681445,26.93206,26.212183,30.456298,27.759739,12.780457
2017-10-01,28.810139000000003,25.767166,26.770017,26.808125,26.922145,25.851929,26.303722,25.341623,26.481148,27.670281,28.882014,27.032552000000006,26.013606,29.851206,28.063677,11.867567
2017-10-02,28.908804,25.767166,26.770017,26.608065000000003,26.719723,25.553637,26.204836,25.949821,26.084426,26.859431,29.684292,26.731074,26.708626,28.741871000000003,27.759739,12.273296
2017-10-03,28.415479,25.767166,26.46696,26.408004,26.618512,25.553637,25.908177,25.747089000000006,25.588525,27.062143,29.182868,27.434523,26.907203000000006,29.044417,28.063677,13.490483
2017-10-04,27.823490000000003,25.767166,26.264922,26.107913,26.618512,25.553637,25.908177,25.544356,27.07623,26.656718,29.584008,26.731074,25.71574,28.237627000000003,28.266303000000004,14.30194
2017-10-05,27.132836,25.369217000000006,26.062884,25.607761,26.517301,25.155915,25.710405,24.936157,25.588525,27.872994,28.38059,26.530089,25.219297,27.329989,26.74661,11.563271
2017-10-06,26.639512,25.26973,25.355752,25.20764,26.314879,24.658763,25.512633,25.341623,26.183607,25.440442,29.082584000000004,24.118262,24.424989,27.834233,25.834793,11.461839
2017-10-07,26.540847,25.26973,25.052695,25.20764,26.011246,24.559332,25.413747,23.922492,25.290984,26.251293,28.38059,25.223683,24.424989,28.237627000000003,26.037419,12.881889
2017-10-08,26.836842,24.971269,25.254733,25.507731,26.011246,24.758193,25.31486,25.949821,26.282787,26.960787,27.778882,24.821712,24.921432,28.338476,26.74661,13.084754
2017-10-09,26.935507,24.871782,25.456771,25.607761,25.910034,24.857624,25.215974,24.530691,25.489344,25.744511,27.879166,25.022697,24.623566,28.741871000000003,26.037419,13.693347
2017-10-10,27.231501,24.971269,25.860846,26.007883,25.808823,24.758193,25.413747,24.83479,25.191803,25.541798,27.778882,25.424668,25.120009,28.943568,26.341358000000003,11.867567
2017-10-11,27.132836,25.070756,25.759828,25.607761,26.112457,24.658763,25.31486,24.327958,25.588525,25.440442,28.079736,24.721219,25.02072,28.237627000000003,27.151861,13.693347
2017-10-12,26.343517,24.971269,25.55779,25.20764,26.011246,24.360471,25.31486,24.632057,25.390164,25.947224,27.076888,25.625654,25.02072,27.329989,26.138732,13.186186
2017-10-13,26.244853000000006,24.871782,25.052695,24.707488,25.707612,24.16161,25.117088,25.13889,25.290984,25.237729,27.578312,24.218755,23.134237,27.027443,26.74661,12.679025
2017-10-14,26.146188,24.57332,25.052695,24.907549,25.707612,24.06218,25.018202,24.429324,25.092623,25.440442,27.076888,24.01777,23.332814000000006,26.724897,25.834793,11.360406
2017-10-15,25.850193,24.274859,24.850657,24.807519,25.606401,23.863319,24.721543,25.037523,25.588525,24.730947,27.678597,23.816784,23.134237,26.724897,25.73348,12.374728
2017-10-16,25.948858,24.473833,24.5476,24.507428,25.403979,23.664458,24.82043,24.733424,26.282787,24.528235,26.876319,24.118262,23.134237,26.321503000000003,25.328229,11.360406
2017-10-17,25.652863,24.274859,24.446581,24.307367000000006,25.403979,23.664458,24.523771,22.706094,24.497541,25.237729,26.976603000000004,23.31432,24.127123,26.724897,24.922977,12.171864
2017-10-18,25.455534,24.274859,24.345562,24.207337,25.403979,23.366166,24.523771,23.719759,25.092623,24.730947,26.074041,23.31432,23.729969,25.313016,25.530855,9.534627
2017-10-19,25.356869,23.976397,24.446581,24.107307,25.201557,23.465597,24.424885,23.719759,23.902459,25.136373000000006,26.074041,23.213827,23.134237,26.5232,25.125603,10.650381
2017-10-20,25.455534,23.87691,24.244544,24.207337,25.100346,23.366166,24.128226,24.632057,24.596721,24.224166,26.575464,23.31432,23.034949,26.018957,24.619038,11.05611
2017-10-21,25.455534,23.87691,24.042506,23.907246,25.100346,23.366166,24.227112,23.922492,24.695902,25.237729,26.174325,22.711364,23.63068,26.220654,24.213787,9.636059
2017-10-22,25.258204,23.777423,24.143525,23.907246,24.897924,23.366166,24.02934,23.212926,25.191803,25.339085,26.675749,24.01777,22.836372,26.5232,25.328229,9.23033
2017-10-23,25.258204,23.677936,24.042506,23.907246,24.796713,23.067875,24.02934,23.212926,25.092623,24.93366,26.174325,22.309393,23.034949,25.716411,24.922977,11.258974
2017-10-24,25.159539,23.379475,24.244544,24.007276,24.695502,23.167305,24.02934,24.125225,25.191803,24.426878,25.773186,23.213827,22.637794,25.817259,24.416413,8.723169
2017-10-25,25.060874,23.478962,23.840468,23.607155,24.695502,23.067875,24.02934,23.212926,23.505738,24.426878,25.271762,23.515306,22.637794,25.918108,25.125603,9.838923
2017-10-26,25.258204,23.578449,23.941487,23.807216,24.796713,23.067875,23.930454,24.125225,24.29918,24.021453,25.973756,23.31432,22.737083,25.716411,24.720351,10.346084
2017-10-27,25.258204,23.379475,23.941487,23.907246,24.695502,22.968444,23.930454,23.719759,24.497541,24.224166,25.372047,22.711364,23.134237,25.817259,24.213787,10.853245
2017-10-28,25.159539,23.478962,23.941487,23.807216,24.493079,23.067875,23.831568,24.023858,24.001639,24.629591,25.973756,23.515306,21.942774,26.018957,24.416413,10.853245
2017-10-29,25.060874,23.279987,23.739449,23.707185,24.695502,23.067875,23.930454,22.199261,24.596721,24.426878,26.47518,23.414813,22.637794,25.615562,24.619038,10.447517
2017-10-30,25.060874,23.379475,23.436392,23.407094,24.493079,22.869014,23.732682,22.300628,24.29918,24.122809,25.572617,22.912349,23.034949,25.918108,25.73348,9.534627
2017-10-31,24.666215,23.279987,23.537411,23.307064,24.290657,22.869014,23.831568,23.314293,24.001639,24.325522,25.071193,22.711364,22.24064,25.01047,23.909848,9.534627
2017-11-01,24.666215,23.081013,23.234354,23.006973,24.493079,22.769583,23.633795000000006,23.010193,23.505738,23.311959,24.670054,22.2089,22.637794,25.413865,24.3151,10.751813
2017-11-02,24.666215,22.882039,23.032316,23.006973,24.391868,22.570722,23.534909,22.908827,24.695902,24.122809,24.870623,22.108407,22.93566,25.212167,24.517725,9.534627
2017-11-03,24.666215,22.882039,23.234354,23.107003,24.290657,22.769583,23.633795000000006,23.212926,24.398361,24.122809,25.271762,21.505451,22.439217000000006,25.918108,25.125603,8.621737
2017-11-04,24.56755,22.782552,23.234354,22.906943,24.290657,22.471292,23.633795000000006,23.010193,23.704098,23.920097,24.469484,22.007914000000003,22.339929,25.111319,24.011161,9.940356
2017-11-05,24.172891,22.782552,22.830278,22.706882,24.290657,22.371861,23.436023,21.692429,23.803279,23.311959,25.071193,21.605943,22.24064,24.707924,23.707222,10.346084
